name,code,description,layer,parent
Dhaka East,Dhaka East,Dhaka East,Wing,
Dhaka West,Dhaka West,Dhaka West,Wing,
Ctg Wing,Ctg Wing,Ctg Wing,Wing,
Comilla Wing,Comilla Wing,Comilla Wing,Wing,
Sylhet wing,Sylhet wing,Sylhet wing,Wing,
North Bengal,North Bengal,North Bengal,Wing,
South Bengal,South Bengal,South Bengal,Wing,
PL-A(Dhaka East),PL-A(Dhaka East),PL-A(Dhaka East),PL,Dhaka East
PL-A(Dhaka West),PL-A(Dhaka West),PL-A(Dhaka West),PL,Dhaka West
PL-A(Ctg Wing),PL-A(Ctg Wing),PL-A(Ctg Wing),PL,Ctg Wing
PL-A(Comilla Wing),PL-A(Comilla Wing),PL-A(Comilla Wing),PL,Comilla Wing
PL-A(Sylhet wing),PL-A(Sylhet wing),PL-A(Sylhet wing),PL,Sylhet wing
PL-A(North Bengal),PL-A(North Bengal),PL-A(North Bengal),PL,North Bengal
PL-A(South Bengal),PL-A(South Bengal),PL-A(South Bengal),PL,South Bengal
PL-B(Dhaka East),PL-B(Dhaka East),PL-B(Dhaka East),PL,Dhaka East
PL-B(Dhaka West ),PL-B(Dhaka West ),PL-B(Dhaka West ),PL,Dhaka West
PL-B(Ctg Wing),PL-B(Ctg Wing),PL-B(Ctg Wing),PL,Ctg Wing
PL-B(Comilla),PL-B(Comilla),PL-B(Comilla),PL,Comilla Wing
PL-B(Sylhet),PL-B(Sylhet),PL-B(Sylhet),PL,Sylhet wing
PL-B(North Bengal),PL-B(North Bengal),PL-B(North Bengal),PL,North Bengal
PL-B(South Bengal),PL-B(South Bengal),PL-B(South Bengal),PL,South Bengal
PL-C(Dhaka East),PL-C(Dhaka East),PL-C(Dhaka East),PL,Dhaka East
PL-C(Dhaka West),PL-C(Dhaka West),PL-C(Dhaka West),PL,Dhaka West
PL-C(Chittagong Wing),PL-C(Chittagong Wing),PL-C(Chittagong Wing),PL,Ctg Wing
PL-C(Comilla Wing),PL-C(Comilla Wing),PL-C(Comilla Wing),PL,Comilla Wing
PL-C(Sylhet),PL-C(Sylhet),PL-C(Sylhet),PL,Sylhet wing
PL-C(North Bengal),PL-C(North Bengal),PL-C(North Bengal),PL,North Bengal
PL-C(South Bengal),PL-C(South Bengal),PL-C(South Bengal),PL,South Bengal
Narayanganj[Div](A),Narayanganj[Div](A),Narayanganj[Div](A),Division,PL-A(Dhaka East)
Dhaka South[Div](A),Dhaka South[Div](A),Dhaka South[Div](A),Division,PL-A(Dhaka East)
Dhaka North[Div](A),Dhaka North[Div](A),Dhaka North[Div](A),Division,PL-A(Dhaka East)
Dhaka Metro[Div](A),Dhaka Metro[Div](A),Dhaka Metro[Div](A),Division,PL-A(Dhaka West)
Gazipur[Div](A),Gazipur[Div](A),Gazipur[Div](A),Division,PL-A(Dhaka West)
Mymensingh[Div](A),Mymensingh[Div](A),Mymensingh[Div](A),Division,PL-A(Dhaka West)
Chittagong-1[Div](A),Chittagong-1[Div](A),Chittagong-1[Div](A),Division,PL-A(Ctg Wing)
Chittagong-2[Div](A),Chittagong-2[Div](A),Chittagong-2[Div](A),Division,PL-A(Ctg Wing)
Noakhali[Div](A),Noakhali[Div](A),Noakhali[Div](A),Division,PL-A(Comilla Wing)
Comilla[Div](A),Comilla[Div](A),Comilla[Div](A),Division,PL-A(Comilla Wing)
Sylhet[Div](A),Sylhet[Div](A),Sylhet[Div](A),Division,PL-A(Sylhet wing)
Rangpur[Div](A),Rangpur[Div](A),Rangpur[Div](A),Division,PL-A(North Bengal)
Bogra[Div](A),Bogra[Div](A),Bogra[Div](A),Division,PL-A(North Bengal)
Khulna[Div](A),Khulna[Div](A),Khulna[Div](A),Division,PL-A(South Bengal)
Barisal[Div](A),Barisal[Div](A),Barisal[Div](A),Division,PL-A(South Bengal)
Narayangonj[Reg](A),Narayangonj[Reg](A),Narayangonj[Reg](A),Region,Narayanganj[Div](A)
Narshingdi[Reg](A),Narshingdi[Reg](A),Narshingdi[Reg](A),Region,Narayanganj[Div](A)
Khilgaon[Reg](A),Khilgaon[Reg](A),Khilgaon[Reg](A),Region,Dhaka South[Div](A)
Jatrabari[Reg](A),Jatrabari[Reg](A),Jatrabari[Reg](A),Region,Dhaka South[Div](A)
Gulshan[Reg](A),Gulshan[Reg](A),Gulshan[Reg](A),Region,Dhaka North[Div](A)
Uttara[Reg](A),Uttara[Reg](A),Uttara[Reg](A),Region,Dhaka North[Div](A)
Mirpur[Reg](A),Mirpur[Reg](A),Mirpur[Reg](A),Region,Dhaka Metro[Div](A)
Mohammadpur[Reg](A),Mohammadpur[Reg](A),Mohammadpur[Reg](A),Region,Dhaka Metro[Div](A)
Lalbag[Reg](A),Lalbag[Reg](A),Lalbag[Reg](A),Region,Dhaka Metro[Div](A)
Gazipur[Reg](A),Gazipur[Reg](A),Gazipur[Reg](A),Region,Gazipur[Div](A)
Savar[Reg](A),Savar[Reg](A),Savar[Reg](A),Region,Gazipur[Div](A)
Mymensingh[Reg](A),Mymensingh[Reg](A),Mymensingh[Reg](A),Region,Mymensingh[Div](A)
Tangail[Reg](A),Tangail[Reg](A),Tangail[Reg](A),Region,Mymensingh[Div](A)
Ctg. North[Reg](A),Ctg. North[Reg](A),Ctg. North[Reg](A),Region,Chittagong-1[Div](A)
Potiya[Reg](A),Potiya[Reg](A),Potiya[Reg](A),Region,Chittagong-1[Div](A)
Cox's Bazar[Reg](A),Cox's Bazar[Reg](A),Cox's Bazar[Reg](A),Region,Chittagong-1[Div](A)
Ctg. Metro[Reg](A),Ctg. Metro[Reg](A),Ctg. Metro[Reg](A),Region,Chittagong-2[Div](A)
Hathazari[Reg](A),Hathazari[Reg](A),Hathazari[Reg](A),Region,Chittagong-2[Div](A)
Direct Party[Reg](A),Direct Party[Reg](A),Direct Party[Reg](A),Region,Chittagong-2[Div](A)
Noakhali[Reg](A),Noakhali[Reg](A),Noakhali[Reg](A),Region,Noakhali[Div](A)
Feni[Reg](A),Feni[Reg](A),Feni[Reg](A),Region,Noakhali[Div](A)
Comilla[Reg](A),Comilla[Reg](A),Comilla[Reg](A),Region,Comilla[Div](A)
Chandpur[Reg](A),Chandpur[Reg](A),Chandpur[Reg](A),Region,Comilla[Div](A)
B. Baria[Reg](A),B. Baria[Reg](A),B. Baria[Reg](A),Region,Comilla[Div](A)
Sylhet North[Reg](A),Sylhet North[Reg](A),Sylhet North[Reg](A),Region,Sylhet[Div](A)
Sylhet South[Reg](A),Sylhet South[Reg](A),Sylhet South[Reg](A),Region,Sylhet[Div](A)
Sreemangal[Reg](A),Sreemangal[Reg](A),Sreemangal[Reg](A),Region,Sylhet[Div](A)
Rangpur[Reg](A),Rangpur[Reg](A),Rangpur[Reg](A),Region,Rangpur[Div](A)
Dinajpur[Reg](A),Dinajpur[Reg](A),Dinajpur[Reg](A),Region,Rangpur[Div](A)
Bogra[Reg](A),Bogra[Reg](A),Bogra[Reg](A),Region,Bogra[Div](A)
Rajshahi[Reg](A),Rajshahi[Reg](A),Rajshahi[Reg](A),Region,Bogra[Div](A)
Khulna[Reg](A),Khulna[Reg](A),Khulna[Reg](A),Region,Khulna[Div](A)
Jessore[Reg](A),Jessore[Reg](A),Jessore[Reg](A),Region,Khulna[Div](A)
Barisal[Reg](A),Barisal[Reg](A),Barisal[Reg](A),Region,Barisal[Div](A)
Potuakhali[Reg](A),Potuakhali[Reg](A),Potuakhali[Reg](A),Region,Barisal[Div](A)
Faridpur[Reg](A),Faridpur[Reg](A),Faridpur[Reg](A),Region,Barisal[Div](A)
Narayangonj[Terr](A),Narayangonj[Terr](A),Narayangonj[Terr](A),Territory,Narayangonj[Reg](A)
Fatulla[Terr](A),Fatulla[Terr](A),Fatulla[Terr](A),Territory,Narayangonj[Reg](A)
Adamjee[Terr](A),Adamjee[Terr](A),Adamjee[Terr](A),Territory,Narayangonj[Reg](A)
Sonargaon[Terr](A),Sonargaon[Terr](A),Sonargaon[Terr](A),Territory,Narayangonj[Reg](A)
Narshingdi[Terr](A),Narshingdi[Terr](A),Narshingdi[Terr](A),Territory,Narshingdi[Reg](A)
Bhairab[Terr](A),Bhairab[Terr](A),Bhairab[Terr](A),Territory,Narshingdi[Reg](A)
Kishoreganj[Terr](A),Kishoreganj[Terr](A),Kishoreganj[Terr](A),Territory,Narshingdi[Reg](A)
Rupgonj[Terr](A),Rupgonj[Terr](A),Rupgonj[Terr](A),Territory,Narshingdi[Reg](A)
Kaptan Bazar[Terr](A),Kaptan Bazar[Terr](A),Kaptan Bazar[Terr](A),Territory,Khilgaon[Reg](A)
Jatrabari[Terr](A),Jatrabari[Terr](A),Jatrabari[Terr](A),Territory,Jatrabari[Reg](A)
Jurain[Terr](A),Jurain[Terr](A),Jurain[Terr](A),Territory,Jatrabari[Reg](A)
Gendaria[Terr](A),Gendaria[Terr](A),Gendaria[Terr](A),Territory,Jatrabari[Reg](A)
Sreenagar[Terr](A),Sreenagar[Terr](A),Sreenagar[Terr](A),Territory,Jatrabari[Reg](A)
Nababgonj[Terr](A),Nababgonj[Terr](A),Nababgonj[Terr](A),Territory,Jatrabari[Reg](A)
Zinzira[Terr](A),Zinzira[Terr](A),Zinzira[Terr](A),Territory,Jatrabari[Reg](A)
Mohakhali[Terr](A),Mohakhali[Terr](A),Mohakhali[Terr](A),Territory,Gulshan[Reg](A)
Kawran Bazar[Terr](A),Kawran Bazar[Terr](A),Kawran Bazar[Terr](A),Territory,Gulshan[Reg](A)
Khilkhet[Terr](A),Khilkhet[Terr](A),Khilkhet[Terr](A),Territory,Uttara[Reg](A)
Mirer Bazar[Terr](A),Mirer Bazar[Terr](A),Mirer Bazar[Terr](A),Territory,Uttara[Reg](A)
Mirpur-1[Terr](A),Mirpur-1[Terr](A),Mirpur-1[Terr](A),Territory,Mirpur[Reg](A)
Mirpur-2[Terr](A),Mirpur-2[Terr](A),Mirpur-2[Terr](A),Territory,Mirpur[Reg](A)
Pallobi[Terr](A),Pallobi[Terr](A),Pallobi[Terr](A),Territory,Mirpur[Reg](A)
Kachukhet[Terr](A),Kachukhet[Terr](A),Kachukhet[Terr](A),Territory,Mirpur[Reg](A)
Dhamalkot[Terr](A),Dhamalkot[Terr](A),Dhamalkot[Terr](A),Territory,Mirpur[Reg](A)
Mohammadpur[Terr](A),Mohammadpur[Terr](A),Mohammadpur[Terr](A),Territory,Mohammadpur[Reg](A)
Dhanmondi[Terr](A),Dhanmondi[Terr](A),Dhanmondi[Terr](A),Territory,Mohammadpur[Reg](A)
New Market[Terr](A),New Market[Terr](A),New Market[Terr](A),Territory,Mohammadpur[Reg](A)
Lalbag[Terr](A),Lalbag[Terr](A),Lalbag[Terr](A),Territory,Lalbag[Reg](A)
Kamrangirchor[Terr](A),Kamrangirchor[Terr](A),Kamrangirchor[Terr](A),Territory,Lalbag[Reg](A)
Gazipura[Terr](A),Gazipura[Terr](A),Gazipura[Terr](A),Territory,Gazipur[Reg](A)
Konabari[Terr](A),Konabari[Terr](A),Konabari[Terr](A),Territory,Gazipur[Reg](A)
Joydebpur[Terr](A),Joydebpur[Terr](A),Joydebpur[Terr](A),Territory,Gazipur[Reg](A)
Bormi[Terr](A),Bormi[Terr](A),Bormi[Terr](A),Territory,Gazipur[Reg](A)
EPZ[Terr](A),EPZ[Terr](A),EPZ[Terr](A),Territory,Savar[Reg](A)
Manikgonj[Terr](A),Manikgonj[Terr](A),Manikgonj[Terr](A),Territory,Savar[Reg](A)
Ashulia[Terr](A),Ashulia[Terr](A),Ashulia[Terr](A),Territory,Savar[Reg](A)
Mymensingh[Terr](A),Mymensingh[Terr](A),Mymensingh[Terr](A),Territory,Mymensingh[Reg](A)
Valuka[Terr](A),Valuka[Terr](A),Valuka[Terr](A),Territory,Mymensingh[Reg](A)
Netrokona[Terr](A),Netrokona[Terr](A),Netrokona[Terr](A),Territory,Mymensingh[Reg](A)
Fulpur[Terr](A),Fulpur[Terr](A),Fulpur[Terr](A),Territory,Mymensingh[Reg](A)
Sherpur[Terr](A),Sherpur[Terr](A),Sherpur[Terr](A),Territory,Mymensingh[Reg](A)
Tangail[Terr](A),Tangail[Terr](A),Tangail[Terr](A),Territory,Tangail[Reg](A)
Modupur[Terr](A),Modupur[Terr](A),Modupur[Terr](A),Territory,Tangail[Reg](A)
Jamalpur[Terr](A),Jamalpur[Terr](A),Jamalpur[Terr](A),Territory,Tangail[Reg](A)
Rangunia[Terr](A),Rangunia[Terr](A),Rangunia[Terr](A),Territory,Ctg. North[Reg](A)
Bahaddarhat[Terr](A),Bahaddarhat[Terr](A),Bahaddarhat[Terr](A),Territory,Ctg. North[Reg](A)
Riazuddin Bazar[Terr](A),Riazuddin Bazar[Terr](A),Riazuddin Bazar[Terr](A),Territory,Ctg. North[Reg](A)
Potiya[Terr](A),Potiya[Terr](A),Potiya[Terr](A),Territory,Potiya[Reg](A)
Amirabad[Terr](A),Amirabad[Terr](A),Amirabad[Terr](A),Territory,Potiya[Reg](A)
Anowara[Terr](A),Anowara[Terr](A),Anowara[Terr](A),Territory,Potiya[Reg](A)
Cox's Bazar[Terr](A),Cox's Bazar[Terr](A),Cox's Bazar[Terr](A),Territory,Cox's Bazar[Reg](A)
Teknaf[Terr](A),Teknaf[Terr](A),Teknaf[Terr](A),Territory,Cox's Bazar[Reg](A)
Chokoria[Terr](A),Chokoria[Terr](A),Chokoria[Terr](A),Territory,Cox's Bazar[Reg](A)
Agrabad[Terr](A),Agrabad[Terr](A),Agrabad[Terr](A),Territory,Ctg. Metro[Reg](A)
Potenga[Terr](A),Potenga[Terr](A),Potenga[Terr](A),Territory,Ctg. Metro[Reg](A)
Pahartoli[Terr](A),Pahartoli[Terr](A),Pahartoli[Terr](A),Territory,Ctg. Metro[Reg](A)
Hathazari[Terr](A),Hathazari[Terr](A),Hathazari[Terr](A),Territory,Hathazari[Reg](A)
Fatikchori[Terr](A),Fatikchori[Terr](A),Fatikchori[Terr](A),Territory,Hathazari[Reg](A)
Khagrachori[Terr](A),Khagrachori[Terr](A),Khagrachori[Terr](A),Territory,Hathazari[Reg](A)
Direct Party[Terr](A),Direct Party[Terr](A),Direct Party[Terr](A),Territory,Direct Party[Reg](A)
Chowmohoni[Terr](A),Chowmohoni[Terr](A),Chowmohoni[Terr](A),Territory,Noakhali[Reg](A)
Senbag[Terr](A),Senbag[Terr](A),Senbag[Terr](A),Territory,Noakhali[Reg](A)
Maijdee[Terr](A),Maijdee[Terr](A),Maijdee[Terr](A),Territory,Noakhali[Reg](A)
Laxmipur[Terr](A),Laxmipur[Terr](A),Laxmipur[Terr](A),Territory,Noakhali[Reg](A)
Raypur[Terr](A),Raypur[Terr](A),Raypur[Terr](A),Territory,Noakhali[Reg](A)
Sonaimuri[Terr](A),Sonaimuri[Terr](A),Sonaimuri[Terr](A),Territory,Noakhali[Reg](A)
Feni[Terr](A),Feni[Terr](A),Feni[Terr](A),Territory,Feni[Reg](A)
Baroiarhat[Terr](A),Baroiarhat[Terr](A),Baroiarhat[Terr](A),Territory,Feni[Reg](A)
Dagon Bhuiyan[Terr](A),Dagon Bhuiyan[Terr](A),Dagon Bhuiyan[Terr](A),Territory,Feni[Reg](A)
Comilla[Terr](A),Comilla[Terr](A),Comilla[Terr](A),Territory,Comilla[Reg](A)
Choddogram[Terr](A),Choddogram[Terr](A),Choddogram[Terr](A),Territory,Comilla[Reg](A)
Laksham[Terr](A),Laksham[Terr](A),Laksham[Terr](A),Territory,Comilla[Reg](A)
Chandina [Terr](A),Chandina [Terr](A),Chandina [Terr](A),Territory,Comilla[Reg](A)
Chandpur[Terr](A),Chandpur[Terr](A),Chandpur[Terr](A),Territory,Chandpur[Reg](A)
Faridgonj[Terr](A),Faridgonj[Terr](A),Faridgonj[Terr](A),Territory,Chandpur[Reg](A)
Hazigonj[Terr](A),Hazigonj[Terr](A),Hazigonj[Terr](A),Territory,Chandpur[Reg](A)
B. Baria[Terr](A),B. Baria[Terr](A),B. Baria[Terr](A),Territory,B. Baria[Reg](A)
Companygonj[Terr](A),Companygonj[Terr](A),Companygonj[Terr](A),Territory,B. Baria[Reg](A)
Nobinagar[Terr](A),Nobinagar[Terr](A),Nobinagar[Terr](A),Territory,B. Baria[Reg](A)
Kosba[Terr](A),Kosba[Terr](A),Kosba[Terr](A),Territory,B. Baria[Reg](A)
Sorail[Terr](A),Sorail[Terr](A),Sorail[Terr](A),Territory,B. Baria[Reg](A)
Sylhet Metro-1[Terr](A),Sylhet Metro-1[Terr](A),Sylhet Metro-1[Terr](A),Territory,Sylhet North[Reg](A)
Sylhet Metro-2[Terr](A),Sylhet Metro-2[Terr](A),Sylhet Metro-2[Terr](A),Territory,Sylhet North[Reg](A)
Tuker Bazar[Terr](A),Tuker Bazar[Terr](A),Tuker Bazar[Terr](A),Territory,Sylhet North[Reg](A)
Jointapur[Terr](A),Jointapur[Terr](A),Jointapur[Terr](A),Territory,Sylhet North[Reg](A)
Chattak[Terr](A),Chattak[Terr](A),Chattak[Terr](A),Territory,Sylhet North[Reg](A)
Sunamgonj[Terr](A),Sunamgonj[Terr](A),Sunamgonj[Terr](A),Territory,Sylhet North[Reg](A)
South Surma[Terr](A),South Surma[Terr](A),South Surma[Terr](A),Territory,Sylhet South[Reg](A)
Biswanath[Terr](A),Biswanath[Terr](A),Biswanath[Terr](A),Territory,Sylhet South[Reg](A)
Biani Bazar[Terr](A),Biani Bazar[Terr](A),Biani Bazar[Terr](A),Territory,Sylhet South[Reg](A)
Moulovibazar[Terr](A),Moulovibazar[Terr](A),Moulovibazar[Terr](A),Territory,Sreemangal[Reg](A)
Borolekha[Terr](A),Borolekha[Terr](A),Borolekha[Terr](A),Territory,Sreemangal[Reg](A)
Hobigonj[Terr](A),Hobigonj[Terr](A),Hobigonj[Terr](A),Territory,Sreemangal[Reg](A)
Nobigonj[Terr](A),Nobigonj[Terr](A),Nobigonj[Terr](A),Territory,Sreemangal[Reg](A)
Shayestagonj[Terr](A),Shayestagonj[Terr](A),Shayestagonj[Terr](A),Territory,Sreemangal[Reg](A)
Rangpur[Terr](A),Rangpur[Terr](A),Rangpur[Terr](A),Territory,Rangpur[Reg](A)
Kurigram[Terr](A),Kurigram[Terr](A),Kurigram[Terr](A),Territory,Rangpur[Reg](A)
Lalmonirhat[Terr](A),Lalmonirhat[Terr](A),Lalmonirhat[Terr](A),Territory,Rangpur[Reg](A)
Gaibanda[Terr](A),Gaibanda[Terr](A),Gaibanda[Terr](A),Territory,Rangpur[Reg](A)
Dinajpur[Terr](A),Dinajpur[Terr](A),Dinajpur[Terr](A),Territory,Dinajpur[Reg](A)
Soyedpur[Terr](A),Soyedpur[Terr](A),Soyedpur[Terr](A),Territory,Dinajpur[Reg](A)
Thakurgaon[Terr](A),Thakurgaon[Terr](A),Thakurgaon[Terr](A),Territory,Dinajpur[Reg](A)
Bogra[Terr](A),Bogra[Terr](A),Bogra[Terr](A),Territory,Bogra[Reg](A)
Noagaon[Terr](A),Noagaon[Terr](A),Noagaon[Terr](A),Territory,Bogra[Reg](A)
Sirajgonj[Terr](A),Sirajgonj[Terr](A),Sirajgonj[Terr](A),Territory,Bogra[Reg](A)
Rajshahi[Terr](A),Rajshahi[Terr](A),Rajshahi[Terr](A),Territory,Rajshahi[Reg](A)
Natore[Terr](A),Natore[Terr](A),Natore[Terr](A),Territory,Rajshahi[Reg](A)
Pabna[Terr](A),Pabna[Terr](A),Pabna[Terr](A),Territory,Rajshahi[Reg](A)
Khulna[Terr](A),Khulna[Terr](A),Khulna[Terr](A),Territory,Khulna[Reg](A)
Bagerhat[Terr](A),Bagerhat[Terr](A),Bagerhat[Terr](A),Territory,Khulna[Reg](A)
Pirojpur[Terr](A),Pirojpur[Terr](A),Pirojpur[Terr](A),Territory,Khulna[Reg](A)
Satkhira[Terr](A),Satkhira[Terr](A),Satkhira[Terr](A),Territory,Khulna[Reg](A)
Jessore[Terr](A),Jessore[Terr](A),Jessore[Terr](A),Territory,Jessore[Reg](A)
Jhenaidah[Terr](A),Jhenaidah[Terr](A),Jhenaidah[Terr](A),Territory,Jessore[Reg](A)
Norail[Terr](A),Norail[Terr](A),Norail[Terr](A),Territory,Jessore[Reg](A)
Kustia[Terr](A),Kustia[Terr](A),Kustia[Terr](A),Territory,Jessore[Reg](A)
Chuadanga[Terr](A),Chuadanga[Terr](A),Chuadanga[Terr](A),Territory,Jessore[Reg](A)
Barishal[Terr](A),Barishal[Terr](A),Barishal[Terr](A),Territory,Barisal[Reg](A)
Bhola[Terr](A),Bhola[Terr](A),Bhola[Terr](A),Territory,Barisal[Reg](A)
Jhalokathi[Terr](A),Jhalokathi[Terr](A),Jhalokathi[Terr](A),Territory,Barisal[Reg](A)
Torki[Terr](A),Torki[Terr](A),Torki[Terr](A),Territory,Barisal[Reg](A)
Potuakhali[Terr](A),Potuakhali[Terr](A),Potuakhali[Terr](A),Territory,Potuakhali[Reg](A)
Borguna[Terr](A),Borguna[Terr](A),Borguna[Terr](A),Territory,Potuakhali[Reg](A)
Motbaria[Terr](A),Motbaria[Terr](A),Motbaria[Terr](A),Territory,Potuakhali[Reg](A)
Faridpur[Terr](A),Faridpur[Terr](A),Faridpur[Terr](A),Territory,Faridpur[Reg](A)
Rajbari[Terr](A),Rajbari[Terr](A),Rajbari[Terr](A),Territory,Faridpur[Reg](A)
Madaripur[Terr](A),Madaripur[Terr](A),Madaripur[Terr](A),Territory,Faridpur[Reg](A)
Gopalgonj[Terr](A),Gopalgonj[Terr](A),Gopalgonj[Terr](A),Territory,Faridpur[Reg](A)
Vhanga[Terr](A),Vhanga[Terr](A),Vhanga[Terr](A),Territory,Faridpur[Reg](A)
Bondor[Terr](A),Bondor[Terr](A),Bondor[Terr](A),Territory,Narayangonj[Reg](A)
Demra[Terr](A),Demra[Terr](A),Demra[Terr](A),Territory,Narayangonj[Reg](A)
Mowlovi Bazar[Terr](A),Mowlovi Bazar[Terr](A),Mowlovi Bazar[Terr](A),Territory,Khilgaon[Reg](A)
Rajendropur[Terr](A),Rajendropur[Terr](A),Rajendropur[Terr](A),Territory,Gazipur[Reg](A)
Barisal[Div](B),Barisal[Div](B),Barisal[Div](B),Division,PL-B(South Bengal)
Bogra[Div](B),Bogra[Div](B),Bogra[Div](B),Division,PL-B(North Bengal)
Comilla[Div](B),Comilla[Div](B),Comilla[Div](B),Division,PL-B(Comilla)
Ctg-1[Div](B),Ctg-1[Div](B),Ctg-1[Div](B),Division,PL-B(Ctg Wing)
Ctg-2[Div](B),Ctg-2[Div](B),Ctg-2[Div](B),Division,PL-B(Ctg Wing)
Dhaka Metro[Div](B),Dhaka Metro[Div](B),Dhaka Metro[Div](B),Division,PL-B(Dhaka West )
Dhaka North[Div](B),Dhaka North[Div](B),Dhaka North[Div](B),Division,PL-B(Dhaka East)
Dhaka South[Div](B),Dhaka South[Div](B),Dhaka South[Div](B),Division,PL-B(Dhaka East)
Gazipur[Div](B),Gazipur[Div](B),Gazipur[Div](B),Division,PL-B(Dhaka West )
Khulna[Div](B),Khulna[Div](B),Khulna[Div](B),Division,PL-B(South Bengal)
Mymensingh [Div](B),Mymensingh [Div](B),Mymensingh [Div](B),Division,PL-B(Dhaka West )
Narayangonj[Div](B),Narayangonj[Div](B),Narayangonj[Div](B),Division,PL-B(Dhaka East)
Noakhali[Div](B),Noakhali[Div](B),Noakhali[Div](B),Division,PL-B(Comilla)
Rangpur[Div](B),Rangpur[Div](B),Rangpur[Div](B),Division,PL-B(North Bengal)
Sylhet[Div](B),Sylhet[Div](B),Sylhet[Div](B),Division,PL-B(Sylhet)
Barishal[Reg](B),Barishal[Reg](B),Barishal[Reg](B),Region,Barisal[Div](B)
Patuakhali[Reg](B),Patuakhali[Reg](B),Patuakhali[Reg](B),Region,Barisal[Div](B)
Faridpur [Reg](B),Faridpur[Reg](B),Faridpur[Reg](B),Region,Barisal[Div](B)
Bogra[Reg](B),Bogra[Reg](B),Bogra[Reg](B),Region,Bogra[Div](B)
Rajshahi[Reg](B),Rajshahi[Reg](B),Rajshahi[Reg](B),Region,Bogra[Div](B)
Comilla[Reg](B),Comilla[Reg](B),Comilla[Reg](B),Region,Comilla[Div](B)
Chandpur [Reg](B),Chandpur[Reg](B),Chandpur [Reg](B),Region,Comilla[Div](B)
B-Baria[Reg](B),B-Baria[Reg](B),B-Baria[Reg](B),Region,Comilla[Div](B)
Ctg-North[Reg](B),Ctg-North[Reg](B),Ctg-North[Reg](B),Region,Ctg-1[Div](B)
Potiya[Reg](B),Potiya[Reg](B),Potiya[Reg](B),Region,Ctg-1[Div](B)
Cox-Bazar[Reg](B),Cox-Bazar[Reg](B),Cox-Bazar[Reg](B),Region,Ctg-1[Div](B)
CTG-Metro[Reg](B),CTG-Metro[Reg](B),CTG-Metro[Reg](B),Region,Ctg-2[Div](B)
Hathazari[Reg](B),Hathazari[Reg](B),Hathazari[Reg](B),Region,Ctg-2[Div](B)
Direct Party[Reg](B),Direct Party[Reg](B),Direct Party[Reg](B),Region,Ctg-2[Div](B)
Mirpur[Reg](B),Mirpur[Reg](B),Mirpur[Reg](B),Region,Dhaka Metro[Div](B)
Mohammadpur[Reg](B),Mohammadpur[Reg](B),Mohammadpur[Reg](B),Region,Dhaka Metro[Div](B)
Lalbag[Reg](B),Lalbag[Reg](B),Lalbag[Reg](B),Region,Dhaka Metro[Div](B)
Gulshan[Reg](B),Gulshan[Reg](B),Gulshan[Reg](B),Region,Dhaka North[Div](B)
Uttara[Reg](B),Uttara[Reg](B),Uttara[Reg](B),Region,Dhaka North[Div](B)
Khilgaon[Reg](B),Khilgaon[Reg](B),Khilgaon[Reg](B),Region,Dhaka South[Div](B)
Jatrabari[Reg](B),Jatrabari[Reg](B),Jatrabari[Reg](B),Region,Dhaka South[Div](B)
Gazipur[Reg](B),Gazipur[Reg](B),Gazipur[Reg](B),Region,Gazipur[Div](B)
Savar[Reg](B),Savar[Reg](B),Savar[Reg](B),Region,Gazipur[Div](B)
Khulna[Reg](B),Khulna[Reg](B),Khulna[Reg](B),Region,Khulna[Div](B)
Jessore [Reg](B),Jessore [Reg](B),Jessore [Reg](B),Region,Khulna[Div](B)
Mymensingh[Reg](B),Mymensingh[Reg](B),Mymensingh[Reg](B),Region,Mymensingh [Div](B)
Tangail[Reg](B),Tangail[Reg](B),Tangail[Reg](B),Region,Mymensingh [Div](B)
Narayangonj[Reg](B),Narayangonj[Reg](B),Narayangonj[Reg](B),Region,Narayangonj[Div](B)
Narshinghdi[Reg](B),Narshinghdi[Reg](B),Narshinghdi[Reg](B),Region,Narayangonj[Div](B)
Noakhali[Reg](B),Noakhali[Reg](B),Noakhali[Reg](B),Region,Noakhali[Div](B)
Feni[Reg](B),Feni[Reg](B),Feni[Reg](B),Region,Noakhali[Div](B)
Rangpur[Reg](B),Rangpur[Reg](B),Rangpur[Reg](B),Region,Rangpur[Div](B)
Dinajpur[Reg](B),Dinajpur[Reg](B),Dinajpur[Reg](B),Region,Rangpur[Div](B)
Sylhet North[Reg](B),Sylhet North[Reg](B),Sylhet North[Reg](B),Region,Sylhet[Div](B)
Sylhet South[Reg](B),Sylhet South[Reg](B),Sylhet South[Reg](B),Region,Sylhet[Div](B)
Sreemangal[Reg](B),Sreemangal[Reg](B),Sreemangal[Reg](B),Region,Sylhet[Div](B)
Barishal[Terr](B),Barishal[Terr](B),Barishal[Terr](B),Territory,Barishal[Reg](B)
Bhola[Terr](B),Bhola[Terr](B),Bhola[Terr](B),Territory,Barishal[Reg](B)
Jhalokathi[Terr](B),Jhalokathi[Terr](B),Jhalokathi[Terr](B),Territory,Barishal[Reg](B)
Torki[Terr](B),Torki[Terr](B),Torki[Terr](B),Territory,Barishal[Reg](B)
Potuakhali[Terr](B),Potuakhali[Terr](B),Potuakhali[Terr](B),Territory,Patuakhali[Reg](B)
Borguna[Terr](B),Borguna[Terr](B),Borguna[Terr](B),Territory,Patuakhali[Reg](B)
Motbaria[Terr](B),Motbaria[Terr](B),Motbaria[Terr](B),Territory,Patuakhali[Reg](B)
Faridpur[Terr](B),Faridpur[Terr](B),Faridpur[Terr](B),Territory,Faridpur[Reg](B)
Rajbari[Terr](B),Rajbari[Terr](B),Rajbari[Terr](B),Territory,Faridpur[Reg](B)
Madaripur[Terr](B),Madaripur[Terr](B),Madaripur[Terr](B),Territory,Faridpur[Reg](B)
Gopalgonj[Terr](B),Gopalgonj[Terr](B),Gopalgonj[Terr](B),Territory,Faridpur[Reg](B)
Vhanga[Terr](B),Vhanga[Terr](B),Vhanga[Terr](B),Territory,Faridpur[Reg](B)
Bogra[Terr](B),Bogra[Terr](B),Bogra[Terr](B),Territory,Bogra[Reg](B)
Noagaon[Terr](B),Noagaon[Terr](B),Noagaon[Terr](B),Territory,Bogra[Reg](B)
Sirajgonj[Terr](B),Sirajgonj[Terr](B),Sirajgonj[Terr](B),Territory,Bogra[Reg](B)
Rajshahi[Terr](B),Rajshahi[Terr](B),Rajshahi[Terr](B),Territory,Rajshahi[Reg](B)
Natore[Terr](B),Natore[Terr](B),Natore[Terr](B),Territory,Rajshahi[Reg](B)
Pabna[Terr](B),Pabna[Terr](B),Pabna[Terr](B),Territory,Rajshahi[Reg](B)
Comilla[Terr](B),Comilla[Terr](B),Comilla[Terr](B),Territory,Comilla[Reg](B)
Choddogram[Terr](B),Choddogram[Terr](B),Choddogram[Terr](B),Territory,Comilla[Reg](B)
Laksham[Terr](B),Laksham[Terr](B),Laksham[Terr](B),Territory,Chandpur[Reg](B)
Chandina [Terr](B),Chandina [Terr](B),Chandina [Terr](B),Territory,Comilla[Reg](B)
Chandpur[Terr](B),Chandpur[Terr](B),Chandpur[Terr](B),Territory,Chandpur[Reg](B)
Faridgonj[Terr](B),Faridgonj[Terr](B),Faridgonj[Terr](B),Territory,Chandpur[Reg](B)
Hazigonj[Terr](B),Hazigonj[Terr](B),Hazigonj[Terr](B),Territory,Chandpur[Reg](B)
B. Baria[Terr](B),B. Baria[Terr](B),B. Baria[Terr](B),Territory,B-Baria[Reg](B)
Companygonj[Terr](B),Companygonj[Terr](B),Companygonj[Terr](B),Territory,B-Baria[Reg](B)
Nobinagar[Terr](B),Nobinagar[Terr](B),Nobinagar[Terr](B),Territory,B-Baria[Reg](B)
Kosba[Terr](B),Kosba[Terr](B),Kosba[Terr](B),Territory,B-Baria[Reg](B)
Sorail[Terr](B),Sorail[Terr](B),Sorail[Terr](B),Territory,B-Baria[Reg](B)
Rangunia[Terr](B),Rangunia[Terr](B),Rangunia[Terr](B),Territory,Ctg-North[Reg](B)
Bahaddarhat[Terr](B),Bahaddarhat[Terr](B),Bahaddarhat[Terr](B),Territory,Ctg-North[Reg](B)
Riazuddin Bazar[Terr](B),Riazuddin Bazar[Terr](B),Riazuddin Bazar[Terr](B),Territory,Ctg-North[Reg](B)
Potiya[Terr](B),Potiya[Terr](B),Potiya[Terr](B),Territory,Potiya[Reg](B)
Amirabad[Terr](B),Amirabad[Terr](B),Amirabad[Terr](B),Territory,Potiya[Reg](B)
Anowara[Terr](B),Anowara[Terr](B),Anowara[Terr](B),Territory,Potiya[Reg](B)
Cox's Bazar[Terr](B),Cox's Bazar[Terr](B),Cox's Bazar[Terr](B),Territory,Cox-Bazar[Reg](B)
Teknaf[Terr](B),Teknaf[Terr](B),Teknaf[Terr](B),Territory,Cox-Bazar[Reg](B)
Chokoria[Terr](B),Chokoria[Terr](B),Chokoria[Terr](B),Territory,Cox-Bazar[Reg](B)
Agrabad[Terr](B),Agrabad[Terr](B),Agrabad[Terr](B),Territory,CTG-Metro[Reg](B)
Potenga[Terr](B),Potenga[Terr](B),Potenga[Terr](B),Territory,CTG-Metro[Reg](B)
Hathazari[Terr](B),Hathazari[Terr](B),Hathazari[Terr](B),Territory,Hathazari[Reg](B)
Fatikchori[Terr](B),Fatikchori[Terr](B),Fatikchori[Terr](B),Territory,Hathazari[Reg](B)
Khagrachori[Terr](B),Khagrachori[Terr](B),Khagrachori[Terr](B),Territory,Hathazari[Reg](B)
Direct Party[Terr](B),Direct Party[Terr](B),Direct Party[Terr](B),Territory,Direct Party[Reg](B)
Mirpur-1[Terr](B),Mirpur-1[Terr](B),Mirpur-1[Terr](B),Territory,Mirpur[Reg](B)
Mirpur-2[Terr](B),Mirpur-2[Terr](B),Mirpur-2[Terr](B),Territory,Mirpur[Reg](B)
Pallobi[Terr](B),Pallobi[Terr](B),Pallobi[Terr](B),Territory,Mirpur[Reg](B)
Kachukhet[Terr](B),Kachukhet[Terr](B),Kachukhet[Terr](B),Territory,Mirpur[Reg](B)
Dhamalkot[Terr](B),Dhamalkot[Terr](B),Dhamalkot[Terr](B),Territory,Mirpur[Reg](B)
Mohammadpur[Terr](B),Mohammadpur[Terr](B),Mohammadpur[Terr](B),Territory,Mohammadpur[Reg](B)
Dhanmondi[Terr](B),Dhanmondi[Terr](B),Dhanmondi[Terr](B),Territory,Mohammadpur[Reg](B)
New market[Terr](B),New market[Terr](B),New market[Terr](B),Territory,Mohammadpur[Reg](B)
Lalbag[Terr](B),Lalbag[Terr](B),Lalbag[Terr](B),Territory,Lalbag[Reg](B)
Kamrangirchor[Terr](B),Kamrangirchor[Terr](B),Kamrangirchor[Terr](B),Territory,Lalbag[Reg](B)
Mohakhali[Terr](B),Mohakhali[Terr](B),Mohakhali[Terr](B),Territory,Gulshan[Reg](B)
Gulshan[Terr](B),Gulshan[Terr](B),Gulshan[Terr](B),Territory,Gulshan[Reg](B)
Kawran bazar[Terr](B),Kawran bazar[Terr](B),Kawran bazar[Terr](B),Territory,Gulshan[Reg](B)
Mirer Bazar[Terr](B),Mirer Bazar[Terr](B),Mirer Bazar[Terr](B),Territory,Uttara[Reg](B)
Mowlovi Bazar[Terr](B),Mowlovi Bazar[Terr](B),Mowlovi Bazar[Terr](B),Territory,Khilgaon[Reg](B)
Kaptan bazar[Terr](B),Kaptan bazar[Terr](B),Kaptan bazar[Terr](B),Territory,Khilgaon[Reg](B)
Jatrabari[Terr](B),Jatrabari[Terr](B),Jatrabari[Terr](B),Territory,Jatrabari[Reg](B)
Jurain[Terr](B),Jurain[Terr](B),Jurain[Terr](B),Territory,Jatrabari[Reg](B)
Gendaria[Terr](B),Gendaria[Terr](B),Gendaria[Terr](B),Territory,Jatrabari[Reg](B)
Sreenagar[Terr](B),Sreenagar[Terr](B),Sreenagar[Terr](B),Territory,Jatrabari[Reg](B)
Nababgonj[Terr](B),Nababgonj[Terr](B),Nababgonj[Terr](B),Territory,Jatrabari[Reg](B)
Zinzira[Terr](B),Zinzira[Terr](B),Zinzira[Terr](B),Territory,Jatrabari[Reg](B)
Gazipura[Terr](B),Gazipura[Terr](B),Gazipura[Terr](B),Territory,Gazipur[Reg](B)
Konabari[Terr](B),Konabari[Terr](B),Konabari[Terr](B),Territory,Gazipur[Reg](B)
Joydebpur[Terr](B),Joydebpur[Terr](B),Joydebpur[Terr](B),Territory,Gazipur[Reg](B)
Rajendropur[Terr](B),Rajendropur[Terr](B),Rajendropur[Terr](B),Territory,Gazipur[Reg](B)
Bormi[Terr](B),Bormi[Terr](B),Bormi[Terr](B),Territory,Gazipur[Reg](B)
EPZ[Terr](B),EPZ[Terr](B),EPZ[Terr](B),Territory,Savar[Reg](B)
Manikgonj[Terr](B),Manikgonj[Terr](B),Manikgonj[Terr](B),Territory,Savar[Reg](B)
Ashulia[Terr](B),Ashulia[Terr](B),Ashulia[Terr](B),Territory,Savar[Reg](B)
Khulna[Terr](B),Khulna[Terr](B),Khulna[Terr](B),Territory,Khulna[Reg](B)
Bagerhat[Terr](B),Bagerhat[Terr](B),Bagerhat[Terr](B),Territory,Khulna[Reg](B)
Pirojpur[Terr](B),Pirojpur[Terr](B),Pirojpur[Terr](B),Territory,Khulna[Reg](B)
Satkhira[Terr](B),Satkhira[Terr](B),Satkhira[Terr](B),Territory,Khulna[Reg](B)
Jessore[Terr](B),Jessore[Terr](B),Jessore[Terr](B),Territory,Jessore [Reg](B)
Jhenaidah[Terr](B),Jhenaidah[Terr](B),Jhenaidah[Terr](B),Territory,Jessore [Reg](B)
Norail[Terr](B),Norail[Terr](B),Norail[Terr](B),Territory,Jessore [Reg](B)
Kustia[Terr](B),Kustia[Terr](B),Kustia[Terr](B),Territory,Jessore [Reg](B)
chuadanga[Terr](B),chuadanga[Terr](B),chuadanga[Terr](B),Territory,Jessore [Reg](B)
Mymensingh[Terr](B),Mymensingh[Terr](B),Mymensingh[Terr](B),Territory,Mymensingh[Reg](B)
Valuka[Terr](B),Valuka[Terr](B),Valuka[Terr](B),Territory,Mymensingh[Reg](B)
Netrokona[Terr](B),Netrokona[Terr](B),Netrokona[Terr](B),Territory,Mymensingh[Reg](B)
Fulpur[Terr](B),Fulpur[Terr](B),Fulpur[Terr](B),Territory,Mymensingh[Reg](B)
Sherpur[Terr](B),Sherpur[Terr](B),Sherpur[Terr](B),Territory,Mymensingh[Reg](B)
Tangail[Terr](B),Tangail[Terr](B),Tangail[Terr](B),Territory,Tangail[Reg](B)
Modupur[Terr](B),Modupur[Terr](B),Modupur[Terr](B),Territory,Tangail[Reg](B)
Jamalpur[Terr](B),Jamalpur[Terr](B),Jamalpur[Terr](B),Territory,Tangail[Reg](B)
Narayangonj[Terr](B),Narayangonj[Terr](B),Narayangonj[Terr](B),Territory,Narayangonj[Reg](B)
Bondor[Terr](B),Bondor[Terr](B),Bondor[Terr](B),Territory,Narayangonj[Reg](B)
Fatulla[Terr](B),Fatulla[Terr](B),Fatulla[Terr](B),Territory,Narayangonj[Reg](B)
Adamjee[Terr](B),Adamjee[Terr](B),Adamjee[Terr](B),Territory,Narayangonj[Reg](B)
Demra[Terr](B),Demra[Terr](B),Demra[Terr](B),Territory,Narayangonj[Reg](B)
Sonargaon[Terr](B),Sonargaon[Terr](B),Sonargaon[Terr](B),Territory,Narayangonj[Reg](B)
Narshingdi[Terr](B),Narshingdi[Terr](B),Narshingdi[Terr](B),Territory,Narshinghdi[Reg](B)
Bhairab[Terr](B),Bhairab[Terr](B),Bhairab[Terr](B),Territory,Narshinghdi[Reg](B)
Kishoreganj[Terr](B),Kishoreganj[Terr](B),Kishoreganj[Terr](B),Territory,Narshinghdi[Reg](B)
Rupgonj[Terr](B),Rupgonj[Terr](B),Rupgonj[Terr](B),Territory,Narshinghdi[Reg](B)
Chowmohoni[Terr](B),Chowmohoni[Terr](B),Chowmohoni[Terr](B),Territory,Noakhali[Reg](B)
Senbag[Terr](B),Senbag[Terr](B),Senbag[Terr](B),Territory,Noakhali[Reg](B)
Maijdee[Terr](B),Maijdee[Terr](B),Maijdee[Terr](B),Territory,Noakhali[Reg](B)
Laxmipur[Terr](B),Laxmipur[Terr](B),Laxmipur[Terr](B),Territory,Noakhali[Reg](B)
Raypur[Terr](B),Raypur[Terr](B),Raypur[Terr](B),Territory,Noakhali[Reg](B)
Sonaimuri[Terr](B),Sonaimuri[Terr](B),Sonaimuri[Terr](B),Territory,Noakhali[Reg](B)
Feni[Terr](B),Feni[Terr](B),Feni[Terr](B),Territory,Feni[Reg](B)
Baroiarhat[Terr](B),Baroiarhat[Terr](B),Baroiarhat[Terr](B),Territory,Feni[Reg](B)
Dagon Bhuiyan[Terr](B),Dagon Bhuiyan[Terr](B),Dagon Bhuiyan[Terr](B),Territory,Feni[Reg](B)
Rangpur[Terr](B),Rangpur[Terr](B),Rangpur[Terr](B),Territory,Rangpur[Reg](B)
Kurigram[Terr](B),Kurigram[Terr](B),Kurigram[Terr](B),Territory,Rangpur[Reg](B)
Lalmonirhat[Terr](B),Lalmonirhat[Terr](B),Lalmonirhat[Terr](B),Territory,Rangpur[Reg](B)
Gaibanda[Terr](B),Gaibanda[Terr](B),Gaibanda[Terr](B),Territory,Rangpur[Reg](B)
Dinajpur[Terr](B),Dinajpur[Terr](B),Dinajpur[Terr](B),Territory,Dinajpur[Reg](B)
Soyedpur[Terr](B),Soyedpur[Terr](B),Soyedpur[Terr](B),Territory,Dinajpur[Reg](B)
Thakurgaon[Terr](B),Thakurgaon[Terr](B),Thakurgaon[Terr](B),Territory,Dinajpur[Reg](B)
Sylhet Metro-1[Terr](B),Sylhet Metro-1[Terr](B),Sylhet Metro-1[Terr](B),Territory,Sylhet North[Reg](B)
Sylhet Metro-2 [Terr](B),Sylhet Metro-2 [Terr](B),Sylhet Metro-2 [Terr](B),Territory,Sylhet North[Reg](B)
Tuker Bazar[Terr](B),Tuker Bazar[Terr](B),Tuker Bazar[Terr](B),Territory,Sylhet North[Reg](B)
Jointapur[Terr](B),Jointapur[Terr](B),Jointapur[Terr](B),Territory,Sylhet North[Reg](B)
Chattok[Terr](B),Chattok[Terr](B),Chattok[Terr](B),Territory,Sylhet North[Reg](B)
Sunamganj [Terr](B),Sunamganj [Terr](B),Sunamganj [Terr](B),Territory,Sylhet North[Reg](B)
South Surma[Terr](B),South Surma[Terr](B),South Surma[Terr](B),Territory,Sylhet South[Reg](B)
Biswanath[Terr](B),Biswanath[Terr](B),Biswanath[Terr](B),Territory,Sylhet South[Reg](B)
Biani Bazar[Terr](B),Biani Bazar[Terr](B),Biani Bazar[Terr](B),Territory,Sylhet South[Reg](B)
Moulovibazar[Terr](B),Moulovibazar[Terr](B),Moulovibazar[Terr](B),Territory,Sreemangal[Reg](B)
Baralekha[Terr](B),Baralekha[Terr](B),Baralekha[Terr](B),Territory,Sreemangal[Reg](B)
Hobigonj[Terr](B),Hobigonj[Terr](B),Hobigonj[Terr](B),Territory,Sreemangal[Reg](B)
Nobigonj[Terr](B),Nobigonj[Terr](B),Nobigonj[Terr](B),Territory,Sreemangal[Reg](B)
Shayestagonj[Terr](B),Shayestagonj[Terr](B),Shayestagonj[Terr](B),Territory,Sreemangal[Reg](B)
Narayangonj[Div](C),Narayangonj[Div](C),Narayangonj[Div](C),Division,PL-C(Dhaka East)
Chittagong-2[Div](C),Chittagong-2[Div](C),Chittagong-2[Div](C),Division,PL-C(Chittagong Wing)
Dhaka South[Div](C),Dhaka South[Div](C),Dhaka South[Div](C),Division,PL-C(Dhaka East)
Dhaka North[Div](C),Dhaka North[Div](C),Dhaka North[Div](C),Division,PL-C(Dhaka East)
Dhaka Metro[Div](C),Dhaka Metro[Div](C),Dhaka Metro[Div](C),Division,PL-C(Dhaka West)
Gazipur[Div](C),Gazipur[Div](C),Gazipur[Div](C),Division,PL-C(Dhaka West)
Mymensingh[Div](C),Mymensingh[Div](C),Mymensingh[Div](C),Division,PL-C(Dhaka West)
Chittagong-1[Div](C),Chittagong-1[Div](C),Chittagong-1[Div](C),Division,PL-C(Chittagong Wing)
Noakhali[Div](C),Noakhali[Div](C),Noakhali[Div](C),Division,PL-C(Comilla Wing)
Comilla[Div](C),Comilla[Div](C),Comilla[Div](C),Division,PL-C(Comilla Wing)
Sylhet[Div](C),Sylhet[Div](C),Sylhet[Div](C),Division,PL-C(Sylhet)
Rangpur[Div](C),Rangpur[Div](C),Rangpur[Div](C),Division,PL-C(North Bengal)
Bogra[Div](C),Bogra[Div](C),Bogra[Div](C),Division,PL-C(North Bengal)
Khulna[Div](C),Khulna[Div](C),Khulna[Div](C),Division,PL-C(South Bengal)
Barisal[Div](C),Barisal[Div](C),Barisal[Div](C),Division,PL-C(South Bengal)
Narshingdi[Reg](C),Narshingdi[Reg](C),Narshingdi[Reg](C),Region,Narayangonj[Div](C)
Direct Party[Reg](C),Direct Party[Reg](C),Direct Party[Reg](C),Region,Chittagong-2[Div](C)
Narayangonj[Reg](C),Narayangonj[Reg](C),Narayangonj[Reg](C),Region,Narayangonj[Div](C)
Khilgaon[Reg](C),Khilgaon[Reg](C),Khilgaon[Reg](C),Region,Dhaka South[Div](C)
Jatrabari[Reg](C),Jatrabari[Reg](C),Jatrabari[Reg](C),Region,Dhaka South[Div](C)
Gulshan[Reg](C),Gulshan[Reg](C),Gulshan[Reg](C),Region,Dhaka North[Div](C)
Uttara[Reg](C),Uttara[Reg](C),Uttara[Reg](C),Region,Dhaka North[Div](C)
Mirpur[Reg](C),Mirpur[Reg](C),Mirpur[Reg](C),Region,Dhaka Metro[Div](C)
Mohammadpur[Reg](C),Mohammadpur[Reg](C),Mohammadpur[Reg](C),Region,Dhaka Metro[Div](C)
Lalbag[Reg](C),Lalbag[Reg](C),Lalbag[Reg](C),Region,Dhaka Metro[Div](C)
Gazipur[Reg](C),Gazipur[Reg](C),Gazipur[Reg](C),Region,Gazipur[Div](C)
Savar[Reg](C),Savar[Reg](C),Savar[Reg](C),Region,Gazipur[Div](C)
Mymensingh[Reg](C),Mymensingh[Reg](C),Mymensingh[Reg](C),Region,Mymensingh[Div](C)
Tangail[Reg](C),Tangail[Reg](C),Tangail[Reg](C),Region,Mymensingh[Div](C)
Ctg. North[Reg](C),Ctg. North[Reg](C),Ctg. North[Reg](C),Region,Chittagong-1[Div](C)
Potiya[Reg](C),Potiya[Reg](C),Potiya[Reg](C),Region,Chittagong-1[Div](C)
Cox's Bazar[Reg](C),Cox's Bazar[Reg](C),Cox's Bazar[Reg](C),Region,Chittagong-1[Div](C)
Ctg. Metro[Reg](C),Ctg. Metro[Reg](C),Ctg. Metro[Reg](C),Region,Chittagong-2[Div](C)
Hathazari[Reg](C),Hathazari[Reg](C),Hathazari[Reg](C),Region,Chittagong-2[Div](C)
Noakhali[Reg](C),Noakhali[Reg](C),Noakhali[Reg](C),Region,Noakhali[Div](C)
Feni[Reg](C),Feni[Reg](C),Feni[Reg](C),Region,Noakhali[Div](C)
Comilla[Reg](C),Comilla[Reg](C),Comilla[Reg](C),Region,Comilla[Div](C)
Chandpur[Reg](C),Chandpur[Reg](C),Chandpur[Reg](C),Region,Comilla[Div](C)
B. Baria[Reg](C),B. Baria[Reg](C),B. Baria[Reg](C),Region,Comilla[Div](C)
Sylhet North[Reg](C),Sylhet North[Reg](C),Sylhet North[Reg](C),Region,Sylhet[Div](C)
Sylhet South[Reg](C),Sylhet South[Reg](C),Sylhet South[Reg](C),Region,Sylhet[Div](C)
Sreemangal[Reg](C),Sreemangal[Reg](C),Sreemangal[Reg](C),Region,Sylhet[Div](C)
Rangpur[Reg](C),Rangpur[Reg](C),Rangpur[Reg](C),Region,Rangpur[Div](C)
Dinajpur[Reg](C),Dinajpur[Reg](C),Dinajpur[Reg](C),Region,Rangpur[Div](C)
Bogra[Reg](C),Bogra[Reg](C),Bogra[Reg](C),Region,Bogra[Div](C)
Rajshahi[Reg](C),Rajshahi[Reg](C),Rajshahi[Reg](C),Region,Bogra[Div](C)
Khulna[Reg](C),Khulna[Reg](C),Khulna[Reg](C),Region,Khulna[Div](C)
Jessore[Reg](C),Jessore[Reg](C),Jessore[Reg](C),Region,Khulna[Div](C)
Barisal[Reg](C),Barisal[Reg](C),Barisal[Reg](C),Region,Barisal[Div](C)
Potuakhali[Reg](C),Potuakhali[Reg](C),Potuakhali[Reg](C),Region,Barisal[Div](C)
Faridpur[Reg](C),Faridpur[Reg](C),Faridpur[Reg](C),Region,Barisal[Div](C)
Kishoreganj[Terr](C),Kishoreganj[Terr](C),Kishoreganj[Terr](C),Territory,Narshingdi[Reg](C)
Direct Party[Terr](C),Direct Party[Terr](C),Direct Party[Terr](C),Territory,Direct Party[Reg](C)
Narayangonj[Terr](C),Narayangonj[Terr](C),Narayangonj[Terr](C),Territory,Narayangonj[Reg](C)
Bondor[Terr](C),Bondor[Terr](C),Bondor[Terr](C),Territory,Narayangonj[Reg](C)
Fatulla[Terr](C),Fatulla[Terr](C),Fatulla[Terr](C),Territory,Narayangonj[Reg](C)
Adamjee[Terr](C),Adamjee[Terr](C),Adamjee[Terr](C),Territory,Narayangonj[Reg](C)
Demra[Terr](C),Demra[Terr](C),Demra[Terr](C),Territory,Narayangonj[Reg](C)
Sonargaon[Terr](C),Sonargaon[Terr](C),Sonargaon[Terr](C),Territory,Narayangonj[Reg](C)
Narshingdi[Terr](C),Narshingdi[Terr](C),Narshingdi[Terr](C),Territory,Narshingdi[Reg](C)
Bhairab[Terr](C),Bhairab[Terr](C),Bhairab[Terr](C),Territory,Narshingdi[Reg](C)
Rupgonj[Terr](C),Rupgonj[Terr](C),Rupgonj[Terr](C),Territory,Narshingdi[Reg](C)
Khilgaon[Terr](C),Khilgaon[Terr](C),Khilgaon[Terr](C),Territory,Khilgaon[Reg](C)
Mowlovi Bazar[Terr](C),Mowlovi Bazar[Terr](C),Mowlovi Bazar[Terr](C),Territory,Khilgaon[Reg](C)
Basabo[Terr](C),Basabo[Terr](C),Basabo[Terr](C),Territory,Khilgaon[Reg](C)
Kaptan Bazar[Terr](C),Kaptan Bazar[Terr](C),Kaptan Bazar[Terr](C),Territory,Khilgaon[Reg](C)
Jatrabari[Terr](C),Jatrabari[Terr](C),Jatrabari[Terr](C),Territory,Jatrabari[Reg](C)
Jurain[Terr](C),Jurain[Terr](C),Jurain[Terr](C),Territory,Jatrabari[Reg](C)
Gendaria[Terr](C),Gendaria[Terr](C),Gendaria[Terr](C),Territory,Jatrabari[Reg](C)
Sreenagar[Terr](C),Sreenagar[Terr](C),Sreenagar[Terr](C),Territory,Jatrabari[Reg](C)
Nababgonj[Terr](C),Nababgonj[Terr](C),Nababgonj[Terr](C),Territory,Jatrabari[Reg](C)
Zinzira[Terr](C),Zinzira[Terr](C),Zinzira[Terr](C),Territory,Jatrabari[Reg](C)
Mohakhali[Terr](C),Mohakhali[Terr](C),Mohakhali[Terr](C),Territory,Gulshan[Reg](C)
Gulshan[Terr](C),Gulshan[Terr](C),Gulshan[Terr](C),Territory,Gulshan[Reg](C)
Badda[Terr](C),Badda[Terr](C),Badda[Terr](C),Territory,Gulshan[Reg](C)
Kawran Bazar[Terr](C),Kawran Bazar[Terr](C),Kawran Bazar[Terr](C),Territory,Gulshan[Reg](C)
Dakkhin Khan[Terr](C),Dakkhin Khan[Terr](C),Dakkhin Khan[Terr](C),Territory,Uttara[Reg](C)
Tongi[Terr](C),Tongi[Terr](C),Tongi[Terr](C),Territory,Uttara[Reg](C)
Mirer Bazar[Terr](C),Mirer Bazar[Terr](C),Mirer Bazar[Terr](C),Territory,Uttara[Reg](C)
Mirpur-1[Terr](C),Mirpur-1[Terr](C),Mirpur-1[Terr](C),Territory,Mirpur[Reg](C)
Mirpur-2[Terr](C),Mirpur-2[Terr](C),Mirpur-2[Terr](C),Territory,Mirpur[Reg](C)
Pallobi[Terr](C),Pallobi[Terr](C),Pallobi[Terr](C),Territory,Mirpur[Reg](C)
Kachukhet[Terr](C),Kachukhet[Terr](C),Kachukhet[Terr](C),Territory,Mirpur[Reg](C)
Dhamalkot[Terr](C),Dhamalkot[Terr](C),Dhamalkot[Terr](C),Territory,Mirpur[Reg](C)
Mohammadpur[Terr](C),Mohammadpur[Terr](C),Mohammadpur[Terr](C),Territory,Mohammadpur[Reg](C)
Dhanmondi[Terr](C),Dhanmondi[Terr](C),Dhanmondi[Terr](C),Territory,Mohammadpur[Reg](C)
New Market[Terr](C),New Market[Terr](C),New Market[Terr](C),Territory,Mohammadpur[Reg](C)
Krishi Market[Terr](C),Krishi Market[Terr](C),Krishi Market[Terr](C),Territory,Mohammadpur[Reg](C)
Lalbag[Terr](C),Lalbag[Terr](C),Lalbag[Terr](C),Territory,Lalbag[Reg](C)
Kamrangirchor[Terr](C),Kamrangirchor[Terr](C),Kamrangirchor[Terr](C),Territory,Lalbag[Reg](C)
Gazipura[Terr](C),Gazipura[Terr](C),Gazipura[Terr](C),Territory,Gazipur[Reg](C)
Konabari[Terr](C),Konabari[Terr](C),Konabari[Terr](C),Territory,Gazipur[Reg](C)
Joydebpur[Terr](C),Joydebpur[Terr](C),Joydebpur[Terr](C),Territory,Gazipur[Reg](C)
Rajendropur[Terr](C),Rajendropur[Terr](C),Rajendropur[Terr](C),Territory,Gazipur[Reg](C)
Bormi[Terr](C),Bormi[Terr](C),Bormi[Terr](C),Territory,Gazipur[Reg](C)
Savar[Terr](C),Savar[Terr](C),Savar[Terr](C),Territory,Savar[Reg](C)
EPZ[Terr](C),EPZ[Terr](C),EPZ[Terr](C),Territory,Savar[Reg](C)
Manikgonj[Terr](C),Manikgonj[Terr](C),Manikgonj[Terr](C),Territory,Savar[Reg](C)
Ashulia[Terr](C),Ashulia[Terr](C),Ashulia[Terr](C),Territory,Savar[Reg](C)
Mymensingh[Terr](C),Mymensingh[Terr](C),Mymensingh[Terr](C),Territory,Mymensingh[Reg](C)
Valuka[Terr](C),Valuka[Terr](C),Valuka[Terr](C),Territory,Mymensingh[Reg](C)
Netrokona[Terr](C),Netrokona[Terr](C),Netrokona[Terr](C),Territory,Mymensingh[Reg](C)
Fulpur[Terr](C),Fulpur[Terr](C),Fulpur[Terr](C),Territory,Mymensingh[Reg](C)
Sherpur[Terr](C),Sherpur[Terr](C),Sherpur[Terr](C),Territory,Mymensingh[Reg](C)
Tangail[Terr](C),Tangail[Terr](C),Tangail[Terr](C),Territory,Tangail[Reg](C)
Modupur[Terr](C),Modupur[Terr](C),Modupur[Terr](C),Territory,Tangail[Reg](C)
Jamalpur[Terr](C),Jamalpur[Terr](C),Jamalpur[Terr](C),Territory,Tangail[Reg](C)
Rangunia[Terr](C),Rangunia[Terr](C),Rangunia[Terr](C),Territory,Ctg. North[Reg](C)
Bahaddarhat[Terr](C),Bahaddarhat[Terr](C),Bahaddarhat[Terr](C),Territory,Ctg. North[Reg](C)
Riazuddin Bazar[Terr](C),Riazuddin Bazar[Terr](C),Riazuddin Bazar[Terr](C),Territory,Ctg. North[Reg](C)
Potiya[Terr](C),Potiya[Terr](C),Potiya[Terr](C),Territory,Potiya[Reg](C)
Amirabad[Terr](C),Amirabad[Terr](C),Amirabad[Terr](C),Territory,Potiya[Reg](C)
Anowara[Terr](C),Anowara[Terr](C),Anowara[Terr](C),Territory,Potiya[Reg](C)
Cox's Bazar[Terr](C),Cox's Bazar[Terr](C),Cox's Bazar[Terr](C),Territory,Cox's Bazar[Reg](C)
Teknaf[Terr](C),Teknaf[Terr](C),Teknaf[Terr](C),Territory,Cox's Bazar[Reg](C)
Chokoria[Terr](C),Chokoria[Terr](C),Chokoria[Terr](C),Territory,Cox's Bazar[Reg](C)
Agrabad[Terr](C),Agrabad[Terr](C),Agrabad[Terr](C),Territory,Ctg. Metro[Reg](C)
Potenga[Terr](C),Potenga[Terr](C),Potenga[Terr](C),Territory,Ctg. Metro[Reg](C)
Hathazari[Terr](C),Hathazari[Terr](C),Hathazari[Terr](C),Territory,Hathazari[Reg](C)
Fatikchori[Terr](C),Fatikchori[Terr](C),Fatikchori[Terr](C),Territory,Hathazari[Reg](C)
Khagrachori[Terr](C),Khagrachori[Terr](C),Khagrachori[Terr](C),Territory,Hathazari[Reg](C)
Chowmohoni[Terr](C),Chowmohoni[Terr](C),Chowmohoni[Terr](C),Territory,Noakhali[Reg](C)
Senbag[Terr](C),Senbag[Terr](C),Senbag[Terr](C),Territory,Noakhali[Reg](C)
Maijdee[Terr](C),Maijdee[Terr](C),Maijdee[Terr](C),Territory,Noakhali[Reg](C)
Laxmipur[Terr](C),Laxmipur[Terr](C),Laxmipur[Terr](C),Territory,Noakhali[Reg](C)
Raypur[Terr](C),Raypur[Terr](C),Raypur[Terr](C),Territory,Noakhali[Reg](C)
Sonaimuri[Terr](C),Sonaimuri[Terr](C),Sonaimuri[Terr](C),Territory,Noakhali[Reg](C)
Feni[Terr](C),Feni[Terr](C),Feni[Terr](C),Territory,Feni[Reg](C)
Baroiarhat[Terr](C),Baroiarhat[Terr](C),Baroiarhat[Terr](C),Territory,Feni[Reg](C)
Dagon Bhuiyan[Terr](C),Dagon Bhuiyan[Terr](C),Dagon Bhuiyan[Terr](C),Territory,Feni[Reg](C)
Comilla[Terr](C),Comilla[Terr](C),Comilla[Terr](C),Territory,Comilla[Reg](C)
Choddogram[Terr](C),Choddogram[Terr](C),Choddogram[Terr](C),Territory,Comilla[Reg](C)
Laksham[Terr](C),Laksham[Terr](C),Laksham[Terr](C),Territory,Comilla[Reg](C)
Chandina [Terr](C),Chandina [Terr](C),Chandina [Terr](C),Territory,Comilla[Reg](C)
Chandpur[Terr](C),Chandpur[Terr](C),Chandpur[Terr](C),Territory,Chandpur[Reg](C)
Faridgonj[Terr](C),Faridgonj[Terr](C),Faridgonj[Terr](C),Territory,Chandpur[Reg](C)
Hazigonj[Terr](C),Hazigonj[Terr](C),Hazigonj[Terr](C),Territory,Chandpur[Reg](C)
B. Baria[Terr](C),B. Baria[Terr](C),B. Baria[Terr](C),Territory,B. Baria[Reg](C)
Companygonj[Terr](C),Companygonj[Terr](C),Companygonj[Terr](C),Territory,B. Baria[Reg](C)
Nobinagar[Terr](C),Nobinagar[Terr](C),Nobinagar[Terr](C),Territory,B. Baria[Reg](C)
Kosba[Terr](C),Kosba[Terr](C),Kosba[Terr](C),Territory,B. Baria[Reg](C)
Sorail[Terr](C),Sorail[Terr](C),Sorail[Terr](C),Territory,B. Baria[Reg](C)
Sylhet Metro-1[Terr](C),Sylhet Metro-1[Terr](C),Sylhet Metro-1[Terr](C),Territory,Sylhet North[Reg](C)
Sylhet Metro-2[Terr](C),Sylhet Metro-2[Terr](C),Sylhet Metro-2[Terr](C),Territory,Sylhet North[Reg](C)
Tuker Bazar[Terr](C),Tuker Bazar[Terr](C),Tuker Bazar[Terr](C),Territory,Sylhet North[Reg](C)
Jointapur[Terr](C),Jointapur[Terr](C),Jointapur[Terr](C),Territory,Sylhet North[Reg](C)
Chattak[Terr](C),Chattak[Terr](C),Chattak[Terr](C),Territory,Sylhet North[Reg](C)
Sunamgonj[Terr](C),Sunamgonj[Terr](C),Sunamgonj[Terr](C),Territory,Sylhet North[Reg](C)
South Surma[Terr](C),South Surma[Terr](C),South Surma[Terr](C),Territory,Sylhet South[Reg](C)
Biswanath[Terr](C),Biswanath[Terr](C),Biswanath[Terr](C),Territory,Sylhet South[Reg](C)
Biani Bazar[Terr](C),Biani Bazar[Terr](C),Biani Bazar[Terr](C),Territory,Sylhet South[Reg](C)
Moulovibazar[Terr](C),Moulovibazar[Terr](C),Moulovibazar[Terr](C),Territory,Sreemangal[Reg](C)
Borolekha[Terr](C),Borolekha[Terr](C),Borolekha[Terr](C),Territory,Sreemangal[Reg](C)
Hobigonj[Terr](C),Hobigonj[Terr](C),Hobigonj[Terr](C),Territory,Sreemangal[Reg](C)
Nobigonj[Terr](C),Nobigonj[Terr](C),Nobigonj[Terr](C),Territory,Sreemangal[Reg](C)
Shayestagonj[Terr](C),Shayestagonj[Terr](C),Shayestagonj[Terr](C),Territory,Sreemangal[Reg](C)
Rangpur[Terr](C),Rangpur[Terr](C),Rangpur[Terr](C),Territory,Rangpur[Reg](C)
Kurigram[Terr](C),Kurigram[Terr](C),Kurigram[Terr](C),Territory,Rangpur[Reg](C)
Lalmonirhat[Terr](C),Lalmonirhat[Terr](C),Lalmonirhat[Terr](C),Territory,Rangpur[Reg](C)
Gaibanda[Terr](C),Gaibanda[Terr](C),Gaibanda[Terr](C),Territory,Rangpur[Reg](C)
Dinajpur[Terr](C),Dinajpur[Terr](C),Dinajpur[Terr](C),Territory,Dinajpur[Reg](C)
Soyedpur[Terr](C),Soyedpur[Terr](C),Soyedpur[Terr](C),Territory,Dinajpur[Reg](C)
Thakurgaon[Terr](C),Thakurgaon[Terr](C),Thakurgaon[Terr](C),Territory,Dinajpur[Reg](C)
Bogra[Terr](C),Bogra[Terr](C),Bogra[Terr](C),Territory,Bogra[Reg](C)
Noagaon[Terr](C),Noagaon[Terr](C),Noagaon[Terr](C),Territory,Bogra[Reg](C)
Sirajgonj[Terr](C),Sirajgonj[Terr](C),Sirajgonj[Terr](C),Territory,Bogra[Reg](C)
Rajshahi[Terr](C),Rajshahi[Terr](C),Rajshahi[Terr](C),Territory,Rajshahi[Reg](C)
Natore[Terr](C),Natore[Terr](C),Natore[Terr](C),Territory,Rajshahi[Reg](C)
Pabna[Terr](C),Pabna[Terr](C),Pabna[Terr](C),Territory,Rajshahi[Reg](C)
Khulna[Terr](C),Khulna[Terr](C),Khulna[Terr](C),Territory,Khulna[Reg](C)
Bagerhat[Terr](C),Bagerhat[Terr](C),Bagerhat[Terr](C),Territory,Khulna[Reg](C)
Pirojpur[Terr](C),Pirojpur[Terr](C),Pirojpur[Terr](C),Territory,Khulna[Reg](C)
Satkhira[Terr](C),Satkhira[Terr](C),Satkhira[Terr](C),Territory,Khulna[Reg](C)
Jessore[Terr](C),Jessore[Terr](C),Jessore[Terr](C),Territory,Jessore[Reg](C)
Jhenaidah[Terr](C),Jhenaidah[Terr](C),Jhenaidah[Terr](C),Territory,Jessore[Reg](C)
Norail[Terr](C),Norail[Terr](C),Norail[Terr](C),Territory,Jessore[Reg](C)
Kustia[Terr](C),Kustia[Terr](C),Kustia[Terr](C),Territory,Jessore[Reg](C)
Chuadanga[Terr](C),Chuadanga[Terr](C),Chuadanga[Terr](C),Territory,Jessore[Reg](C)
Barishal[Terr](C),Barishal[Terr](C),Barishal[Terr](C),Territory,Barisal[Reg](C)
Bhola[Terr](C),Bhola[Terr](C),Bhola[Terr](C),Territory,Barisal[Reg](C)
Jhalokathi[Terr](C),Jhalokathi[Terr](C),Jhalokathi[Terr](C),Territory,Barisal[Reg](C)
Torki[Terr](C),Torki[Terr](C),Torki[Terr](C),Territory,Barisal[Reg](C)
Potuakhali[Terr](C),Potuakhali[Terr](C),Potuakhali[Terr](C),Territory,Potuakhali[Reg](C)
Borguna[Terr](C),Borguna[Terr](C),Borguna[Terr](C),Territory,Potuakhali[Reg](C)
Motbaria[Terr](C),Motbaria[Terr](C),Motbaria[Terr](C),Territory,Potuakhali[Reg](C)
Faridpur[Terr](C),Faridpur[Terr](C),Faridpur[Terr](C),Territory,Faridpur[Reg](C)
Rajbari[Terr](C),Rajbari[Terr](C),Rajbari[Terr](C),Territory,Faridpur[Reg](C)
Madaripur[Terr](C),Madaripur[Terr](C),Madaripur[Terr](C),Territory,Faridpur[Reg](C)
Gopalgonj[Terr](C),Gopalgonj[Terr](C),Gopalgonj[Terr](C),Territory,Faridpur[Reg](C)
Vhanga[Terr](C),Vhanga[Terr](C),Vhanga[Terr](C),Territory,Faridpur[Reg](C)
